{"cameraMode":{"drawMode":0,"name":"Shaded","section":"Shading Mode"},"sceneLighting":false,"audioPlay":false,"sceneViewState":{"m_AlwaysRefresh":false,"showFog":true,"showSkybox":true,"showFlares":true,"showImageEffects":true,"showParticleSystems":true,"showVisualEffectGraphs":true,"m_FxEnabled":true},"in2DMode":false,"pivot":{"x":-5.538764476776123,"y":3.4281415939331056,"z":-18.927227020263673},"rotation":{"x":-0.004143498372286558,"y":1.0008351802825928,"z":0.0005835690535604954,"w":0.0022884595673531296},"size":15.638113975524903,"orthographic":false}